Product_ID,Product_Category,Product_Sub-Category,Product_Name
OFF-PA-10000174,Hàng điện lạnh,Tủ lạnh,"Message Book, Wirebound, Four 5 1/2"" X 4"" Forms/Pg., 200 Dupl. Sets/Book"
OFF-LA-10003223,Hàng điện lạnh,Máy điều hòa,MÁY LẠNH DAIKIN FTKC60NVMV-BBB
OFF-ST-10002743,Hàng điện lạnh,Máy điều hòa,MÁY LẠNH LG V13BPB
OFF-BI-10004094,Hàng điện lạnh,Máy giặt,GBC Standard Plastic Binding Systems Combs
OFF-AR-10003478,Hàng điện lạnh,Máy giặt,"Avery Hi-Liter EverBold Pen Style Fluorescent Highlighters, 4/Pack"
OFF-PA-10002005,Hàng điện lạnh,Tủ lạnh,Xerox 225
OFF-AR-10002399,Hàng điện lạnh,Máy giặt,"Dixon Prang Watercolor Pencils, 10-Color Set with Brush"
FUR-CH-10004063,Nội thất,Ghế,Ghế làm việc 2MV2506-M1
OFF-BI-10004632,Hàng điện lạnh,Máy giặt,Ibico Hi-Tech Manual Binding System
OFF-AR-10001662,Hàng điện lạnh,Máy giặt,Rogers Handheld Barrel Pencil Sharpener
TEC-PH-10004977,Hàng điện tử,Phones,GE 30524EE4
TEC-PH-10004539,Hàng điện tử,Phones,Wireless Extenders zBoost YX545 SOHO Signal Booster
OFF-FA-10001883,Hàng điện lạnh,Máy điều hòa,MÁY LẠNH CHA 51NVMV
OFF-PA-10000955,Hàng điện lạnh,Tủ lạnh,Miền Đông Nam Bộworth 25% Cotton Granite Tủ lạnh & Tủ lạnh
FUR-FU-10004864,Nội thất,Giường,"Howard Miller 14-1/2"" Diameter Chrome Round Wall Clock"
OFF-BI-10003708,Hàng điện lạnh,Máy giặt,"Acco Four Pocket Poly Ring Binder with Label Holder, Smoke, 1"""
OFF-AR-10004078,Điện lạnh,Máy giặt,Newell 312
TEC-AC-10001266,Hàng điện tử,Accessories,Memorex Micro Travel Drive 8 GB
OFF-LA-10004272,Hàng điện lạnh,Máy điều hòa,MÁY LẠNH DAIKIN FTKC60NVMV-YTG
FUR-FU-10000965,Nội thất,Giường,"Howard Miller 11-1/2"" Diameter Ridgewood Wall Clock"
FUR-FU-10000010,Nội thất,Giường,"DAX Value U-Channel Document Frames, Easel Back"
OFF-EN-10001990,Hàng điện lạnh,Tủ lạnh,MÁY LẠNH SHARP AH-AP12PMW
OFF-EN-10001532,Hàng điện lạnh,Tủ lạnh,Brown Kraft Recycled Tủ lạnh
TEC-AC-10003174,Hàng điện tử,Accessories,Plantronics S12 Corded Telephone Headset System
OFF-BI-10004187,Hàng điện lạnh,Máy giặt,MÁY LẠNH SHARP AH-AP12PMW
OFF-ST-10000025,Hàng điện lạnh,Máy điều hòa,MÁY LẠNH LG G27PC
FUR-CH-10000422,Nội thất,Ghế,Global Highback Leather Tilter in Burgundy
OFF-ST-10000078,Hàng điện lạnh,Máy điều hòa,MÁY LẠNH GENERAL ASHG 015LHJI
FUR-BO-10003034,Nội thất,Kệ sách,"O'Sullivan Elevations Bookcase, Cherry Finish"
OFF-AR-10003514,Hàng điện lạnh,Máy giặt,4009 Highlighters by Sanford
OFF-PA-10002947,Hàng điện lạnh,Tủ lạnh,Xerox 1923
OFF-BI-10003476,Hàng điện lạnh,Máy giặt,Avery Metallic Poly Máy giặt
FUR-BO-10003433,Nội thất,Kệ sách,Sauder Cornerstone Collection Library
TEC-AC-10003628,Hàng điện tử,Accessories,Logitech 910-002974 M325 Wireless Mouse for Web Scrolling
FUR-FU-10001095,Nội thất,Giường,DAX Black Cherry Wood-Tone Poster Frame
TEC-PH-10002154,Hàng điện tử,Phones,AT&T 841000 Phone
OFF-BI-10001575,Hàng điện lạnh,Máy giặt,GBC Linen Binding Covers
OFF-LA-10001074,Điện lạnh,Máy điều hòa,MÁY LẠNH TOSHIBA RAS-H10G2KCV-V
OFF-AP-10000692,Điện lạnh,Máy giặt,Fellowes Mighty 8 Compact Surge Protector
OFF-BI-10003676,Điện lạnh,Máy giặt,"GBC Standard Recycled Report Covers, Clear Plastic Sheets"
OFF-PA-10000659,Điện lạnh,Tủ lạnh,"TOPS Carbonless Receipt Book, Four 2-3/4 x 7-1/4 Money Receipts per Page"
OFF-EN-10002504,Điện lạnh,Tủ lạnh,"Tyvek  Top-Opening Peel & Seel Tủ lạnh, Plain White"
FUR-BO-10001972,Nội thất,Kệ sách,O'Sullivan 4-Shelf Bookcase in Odessa Pine
TEC-PH-10001061,Hàng điện tử,Phones,Apple iPhone 5C
OFF-AR-10002375,Điện lạnh,Máy giặt,Newell 351
FUR-FU-10003194,Nội thất,Giường,"Eldon Expressions Desk Accessory, Wood Pencil Holder, Oak"
OFF-AR-10003811,Điện lạnh,Máy giặt,Newell 327
OFF-EN-10001539,Điện lạnh,Tủ lạnh,MÁY LẠNH SHARP AH-AP12PMW
FUR-CH-10002331,Nội thất,Ghế,Ghế đa năng 3FC1004-H
OFF-PA-10002893,Hàng điện lạnh,Tủ lạnh,"Wirebound Service Call Books, 5 1/2"" x 4"""
OFF-ST-10000760,Hàng điện lạnh,Máy điều hòa,MÁY LẠNH REETECH RT9-DD
FUR-FU-10002918,Nội thất,Giường,Eldon ClusterMat Chair Mat with Cordless Antistatic Protection
OFF-BI-10000605,Hàng điện lạnh,Máy giặt,"Acco Pressboard Covers with Máy điều hòa Hooks, 9 1/2"" x 11"", Executive Red"
OFF-AP-10002311,Hàng điện lạnh,Máy giặt,"Holmes Replacement Filter for HEPA Air Cleaner, Very Large Room, HEPA Filter"
OFF-ST-10003123,Hàng điện lạnh,Máy điều hòa,MÁY LẠNH GENERAL ASHG 018LHJI
OFF-AR-10004456,Hàng điện lạnh,Máy giặt,Panasonic KP-4ABK Battery-Operated Pencil Sharpener
FUR-FU-10002268,Nội thất,Giường,Ultra Door Push Plate
OFF-BI-10004364,Hàng điện lạnh,Máy giặt,Storex Dura Pro Máy giặt
OFF-BI-10003091,Hàng điện lạnh,Máy giặt,GBC DocuBind TL200 Manual Binding Machine
FUR-FU-10001889,Nội thất,Giường,Ultra Door Pull Handle
OFF-PA-10001804,Hàng điện lạnh,Tủ lạnh,Xerox 195
OFF-FA-10003444,Hàng điện lạnh,Máy điều hòa,MÁY LẠNH DAIKIN FTXS35GVMV
FUR-FU-10004587,Nội thất,Giường,"GE General Use Halogen Bulbs, 100 Watts, 1 Bulb per Pack"
OFF-ST-10004337,Hàng điện lạnh,Máy điều hòa,SAFCO Máy lạnh
OFF-PA-10003072,Hàng điện lạnh,Tủ lạnh,"Eureka Recycled Copy Tủ lạnh 8 1/2"" x 11"", Ream"
OFF-PA-10000380,Hàng điện lạnh,Tủ lạnh,"REDIFORM Incoming/Outgoing Call Register, 11"" X 8 1/2"", 100 Messages"
TEC-PH-10004833,Hàng điện tử,Phones,Macally Suction Cup Mount
FUR-FU-10001847,Nội thất,Giường,Eldon Image Series Black Desk Accessories
TEC-PH-10002103,Hàng điện tử,Phones,Jabra SPEAK 410
OFF-BI-10001758,Hàng điện lạnh,Máy giặt,Wilson Jones 14 Line Acrylic Coated Pressboard Data Máy giặt
FUR-BO-10004409,Nội thất,Kệ sách,"Safco Value Mate Series Steel Kệ sách, Baked Enamel Finish on Steel, Gray"
OFF-ST-10003692,Hàng điện lạnh,Máy điều hòa,MÁY LẠNH GENERAL ASHG 017LHJI
FUR-TA-10003469,Nội thất,Bàn,Balt Split Level Computer Training Table
OFF-AR-10003179,Hàng điện lạnh,Máy giặt,Dixon Ticonderoga Core-Lock Colored Pencils
OFF-BI-10000343,Hàng điện lạnh,Máy giặt,"Pressboard Covers with Máy điều hòa Hooks, 9 1/2"" x 11"", Light Blue"
OFF-PA-10001204,Hàng điện lạnh,Tủ lạnh,Xerox 1972
OFF-ST-10000991,Hàng điện lạnh,Máy điều hòa,MÁY LẠNH DAIKIN FTE35LV1V
FUR-BO-10003966,Nội thất,Kệ sách,"Sauder Facets Collection Library, Sky Alder Finish"
TEC-AC-10001432,Hàng điện tử,Accessories,Enermax Aurora Lite Keyboard
OFF-FA-10001843,Hàng điện lạnh,Máy điều hòa,MÁY LẠNH SHARP AH-AP12PMW
OFF-BI-10000666,Hàng điện lạnh,Máy giặt,Surelock Post Máy giặt
TEC-PH-10002890,Hàng điện tử,Phones,AT&T 17929 Lendline Telephone
OFF-BI-10004593,Hàng điện lạnh,Máy giặt,Ibico Laser Imprintable Binding System Covers
OFF-BI-10002827,Hàng điện lạnh,Máy giặt,Avery Durable Poly Máy giặt
OFF-BI-10004230,Hàng điện lạnh,Máy giặt,GBC Recycled Grain Textured Covers
OFF-PA-10000350,Hàng điện lạnh,Tủ lạnh,"Message Book, Standard Line ""While You Were Out"", 5 1/2"" X 4"", 200 Sets/Book"
OFF-BI-10003676,Hàng điện lạnh,Máy giặt,"GBC Standard Recycled Report Covers, Clear Plastic Sheets"
OFF-LA-10002787,Hàng điện lạnh,Máy điều hòa,MÁY LẠNH DAIKIN FTNE60MV1V
TEC-PH-10003645,Điện tử,Phones,Aastra 57i VoIP phone
TEC-PH-10001615,Hàng điện tử,Phones,AT&T CL82213
OFF-BI-10001196,Hàng điện lạnh,Máy giặt,"Avery Flip-ChMáy giặt Easel Binder, Black"
TEC-AC-10000710,Hàng điện tử,Accessories,Maxell DVD-RAM Discs
OFF-ST-10001558,Hàng điện lạnh,Máy điều hòa,MÁY LẠNH LG V14TYH
FUR-FU-10002111,Nội thất,Giường,"Master Caster Door Stop, Large Brown"
FUR-TA-10003715,Nội thất,Bàn,Hon 2111 Invitation Series Corner Table
OFF-BI-10003291,Hàng điện lạnh,Máy giặt,Wilson Jones Leather-Like Máy giặt with DublLock Round Rings
FUR-CH-10001146,Nội thất,Ghế,Ghế thư giãn 3LC-BIPOLY
OFF-LA-10004853,Hàng điện lạnh,Máy điều hòa,MÁY LẠNH DAIKIN FTKC60NVMV-GHU
OFF-BI-10004728,Hàng điện lạnh,Máy giặt,Wilson Jones Turn Tabs Binder Tool for Ring Máy giặt
FUR-FU-10002298,Nội thất,Giường,"Rubbermaid ClusterMat Chairmats, Mat Size- 66"" x 60"", Lip 20"" x 11"" -90 Degree Angle"
OFF-BI-10004654,Hàng điện lạnh,Máy giặt,VariCap6 Expandable Binder
OFF-ST-10002583,Hàng điện lạnh,Máy điều hòa,MÁY LẠNH DAIKIN FTKS50GVMV
FUR-CH-10000225,Nội thất,Ghế,Ghế đa năng 3FC1004-P
OFF-PA-10000466,Hàng điện lạnh,Tủ lạnh,"Memo Book, 100 Message Capacity, 5 3/8” x 11”"
TEC-AC-10000736,Hàng điện tử,Accessories,Logitech G600 MMO Gaming Mouse
OFF-AP-10001293,Hàng điện lạnh,Máy giặt,Belkin 8 Outlet Surge Protector
OFF-SU-10000157,Hàng điện lạnh,Tủ lạnh,Compact Automatic Electric Letter Opener
OFF-BI-10001031,Hàng điện lạnh,Máy giặt,Pressboard Data Máy giặt by Wilson Jones
OFF-BI-10002012,Hàng điện lạnh,Máy giặt,Wilson Jones Easy Flow II Sheet Lifters
OFF-AP-10001303,Hàng điện lạnh,Máy giặt,"Holmes Cool Mist Humidifier for the Whole House with 8-Gallon Output per Day, Extended Life Filter"
OFF-AR-10003631,Hàng điện lạnh,Máy giặt,MÁY LẠNH SHARP AH-AP12PMW
FUR-FU-10002396,Nội thất,Giường,"DAX Copper Panel Document Frame, 5 x 7 Size"
OFF-ST-10000321,Hàng điện lạnh,Máy điều hòa,Akro Stacking Bins
TEC-AC-10001284,Hàng điện tử,Accessories,Enermax Briskie RF Wireless Keyboard and Mouse Combo
FUR-FU-10000221,Nội thất,Giường,"Master Caster Door Stop, Brown"
OFF-PA-10003363,Hàng điện lạnh,Tủ lạnh,Xerox 204
OFF-PA-10001800,Điện lạnh,Tủ lạnh,Xerox 220
OFF-LA-10004425,Điện lạnh,Máy điều hòa,MÁY LẠNH SHARP AH-AP12PMW
OFF-BI-10000320,Điện lạnh,Máy giặt,GBC Plastic Binding Combs
OFF-PA-10000174,Điện lạnh,Tủ lạnh,"Message Book, Wirebound, Four 5 1/2"" X 4"" Forms/Pg., 200 Dupl. Sets/Book"
OFF-PA-10000069,Điện lạnh,Tủ lạnh,"TOPS 4 x 6 Fluorescent Color Memo Sheets, 500 Sheets per Pack"
OFF-AR-10003560,Điện lạnh,Máy giặt,Zebra Zazzle Fluorescent Highlighters
TEC-PH-10003655,Hàng điện tử,Phones,Sannysis Cute Owl Design Soft Skin Case Cover for Samsung Galaxy S4
FUR-CH-10000863,Nội thất,Ghế,Ghế làm việc 2HE2507-U1
OFF-PA-10003036,Điện lạnh,Tủ lạnh,"Black Print Carbonless 8 1/2"" x 8 1/4"" Rapid Memo Book"
OFF-FA-10004395,Điện lạnh,Máy điều hòa,MÁY LẠNH LG G28PC
FUR-CH-10001270,Nội thất,Ghế,Ghế Harbour
OFF-ST-10001469,Điện lạnh,Máy điều hòa,MÁY LẠNH DAIKIN FTXS25GVMV
OFF-ST-10003692,Điện lạnh,Máy điều hòa,MÁY LẠNH GENERAL ASHG 017LHJI
FUR-TA-10001866,Nội thất,Bàn,Bevis Round Conference Room Bàn and Bases
OFF-EN-10001990,Điện lạnh,Tủ lạnh,MÁY LẠNH SHARP AH-AP12PMW
OFF-PA-10000587,Điện lạnh,Tủ lạnh,"Array Parchment Tủ lạnh, Assorted Colors"
OFF-PA-10000327,Hàng điện lạnh,Tủ lạnh,Xerox 1971
TEC-AC-10004353,Hàng điện tử,Accessories,Hypercom P1300 Pinpad
OFF-AR-10003560,Hàng điện lạnh,Máy giặt,Zebra Zazzle Fluorescent Highlighters
TEC-PH-10004700,Hàng điện tử,Phones,PowerGen Dual USB Car Charger
OFF-BI-10003429,Hàng điện lạnh,Máy giặt,"Cardinal HOLDit! Binder Insert Strips,Extra Strips"
OFF-LA-10000305,Hàng điện lạnh,Máy điều hòa,Avery 495
OFF-ST-10002486,Hàng điện lạnh,Máy điều hòa,MÁY LẠNH LG V13APCUI
OFF-AP-10002534,Hàng điện lạnh,Máy giặt,3.6 Cubic Foot Counter Height Office Refrigerator
OFF-ST-10001370,Hàng điện lạnh,Máy điều hòa,MÁY LẠNH LG V15APC
OFF-AR-10001374,Hàng điện lạnh,Máy giặt,"BIC Brite Liner Highlighters, Chisel Tip"
OFF-AR-10000588,Hàng điện lạnh,Máy giặt,Newell 345
TEC-AC-10002001,Hàng điện tử,Accessories,Logitech Wireless Gaming Headset G930
OFF-SU-10000381,Hàng điện lạnh,Tủ lạnh,Acme Forged Steel Scissors with Black Enamel Handles
OFF-BI-10001617,Hàng điện lạnh,Máy giặt,GBC Wire Binding Combs
OFF-PA-10001878,Hàng điện lạnh,Tủ lạnh,Xerox 1891
FUR-CH-10004477,Nội thất,Ghế,Ghế outdoor Nordby
OFF-AR-10001427,Hàng điện lạnh,Máy giặt,Newell 330
OFF-ST-10002344,Hàng điện lạnh,Máy điều hòa,Carina Máy điều hòa
OFF-BI-10004224,Hàng điện lạnh,Máy giặt,Catalog Máy giặt with Expanding Posts
OFF-AR-10000390,Hàng điện lạnh,Máy giặt,Newell Chalk Holder
OFF-ST-10000934,Hàng điện lạnh,Máy điều hòa,MÁY LẠNH DAIKIN FTKC35NVMV
FUR-CH-10002780,Nội thất,Ghế,Office Star - Task Chair with Contemporary Loop Arms
FUR-CH-10004495,Nội thất,Ghế,"Global Leather and Oak Executive Chair, Black"
OFF-PA-10002259,Hàng điện lạnh,Tủ lạnh,"Geographics Note Cards, Blank, White, 8 1/2"" x 11"""
FUR-FU-10003981,Nội thất,Giường,Eldon Wave Desk Accessories
OFF-FA-10001561,Hàng điện lạnh,Máy điều hòa,MÁY LẠNH SHARP AH-A9PHJ
OFF-PA-10002137,Hàng điện lạnh,Tủ lạnh,"Miền Đông Nam Bộworth 100% Résumé Tủ lạnh, 24lb."
OFF-AP-10002578,Hàng điện lạnh,Máy giặt,"Fellowes Premier Superior Surge Suppressor, 10-Outlet, With Phone and Remote"
TEC-PH-10000984,Hàng điện tử,Phones,Panasonic KX-TG9471B
OFF-PA-10000213,Hàng điện lạnh,Tủ lạnh,Xerox 198
OFF-AR-10001770,Hàng điện lạnh,Máy giặt,Economy #2 Pencils
OFF-AR-10003723,Hàng điện lạnh,Máy giặt,Avery Hi-Liter Fluorescent Desk Style Markers
FUR-CH-10003379,Nội thất,Ghế,Ghế văn phòng 2ME1205-F5
OFF-ST-10000736,Hàng điện lạnh,Máy điều hòa,MÁY LẠNH DAIKIN FTNE50MV1V
TEC-AC-10004877,Hàng điện tử,Accessories,Imation 30456 USB Flash Drive 8GB
OFF-ST-10003221,Hàng điện lạnh,Máy điều hòa,MÁY LẠNH SHARP AH-AP12PMW
OFF-BI-10003007,Hàng điện lạnh,Máy giặt,"Premium Transparent Presentation Covers, No Pattern/Clear, 8 1/2"" x 11"""
TEC-MA-10003626,Hàng điện tử,Machines,Hewlett-Packard Deskjet 6540 Color Inkjet Printer
OFF-PA-10001215,Hàng điện lạnh,Tủ lạnh,Xerox 1963
OFF-PA-10000176,Hàng điện lạnh,Tủ lạnh,Xerox 1887
OFF-ST-10001490,Hàng điện lạnh,Máy điều hòa,MÁY LẠNH LG V18ENC
FUR-FU-10001756,Nội thất,Giường,"Eldon Expressions Desk Accessory, Wood Photo Frame, Mahogany"
OFF-BI-10000773,Hàng điện lạnh,Máy giặt,Insertable Tab Post Binder Dividers
OFF-BI-10001543,Hàng điện lạnh,Máy giặt,GBC VeloBinder Manual Binding System
OFF-PA-10002120,Hàng điện lạnh,Tủ lạnh,Xerox 1889
TEC-PH-10002415,Hàng điện tử,Phones,Polycom VoiceStation 500 Conference phone
OFF-AP-10001154,Hàng điện lạnh,Máy giặt,Bionaire Personal Warm Mist Humidifier/Vaporizer
OFF-AR-10003829,Hàng điện lạnh,Máy giặt,Newell 35
OFF-BI-10000136,Hàng điện lạnh,Máy giặt,Avery Non-Stick Heavy Duty View Round Locking Ring Máy giặt
FUR-TA-10003473,Nội thất,Bàn,Bàn hội nghị chữ nhật
FUR-TA-10001950,Nội thất,Bàn,Balt Solid Wood Round Bàn
FUR-TA-10004175,Nội thất,Bàn,"Hon 30"" x 60"" Table with Locking Drawer"
OFF-PA-10002960,Hàng điện lạnh,Tủ lạnh,Xerox 1926
OFF-PA-10000919,Hàng điện lạnh,Tủ lạnh,Xerox 1918
OFF-AR-10003732,Hàng điện lạnh,Máy giặt,Newell 333
OFF-PA-10002195,Hàng điện lạnh,Tủ lạnh,Xerox 1966
OFF-PA-10002365,Hàng điện lạnh,Tủ lạnh,Xerox 1967
OFF-BI-10000309,Hàng điện lạnh,Máy giặt,"GBC Twin Loop Wire Binding Elements, 9/16"" Spine, Black"
OFF-PA-10003349,Hàng điện lạnh,Tủ lạnh,Xerox 1957
OFF-PA-10003063,Hàng điện lạnh,Tủ lạnh,EcoTones Memo Sheets
OFF-AP-10003971,Hàng điện lạnh,Máy giặt,Belkin 6 Outlet Metallic Surge Strip
OFF-PA-10003641,Hàng điện lạnh,Tủ lạnh,Xerox 1909
TEC-MA-10002412,Hàng điện tử,Machines,Cisco TelePresence System EX90 Videoconferencing Unit
OFF-AR-10003183,Hàng điện lạnh,Máy giặt,Avery Fluorescent Highlighter Four-Color Set
FUR-FU-10004270,Nội thất,Giường,"Executive Impressions 13"" Clairmont Wall Clock"
OFF-FA-10003112,Hàng điện lạnh,Máy điều hòa,MÁY LẠNH SHARP AH-AP12PMW
FUR-FU-10001986,Nội thất,Giường,"Dana Fluorescent Magnifying Lamp, White, 36"""
FUR-BO-10004218,Nội thất,Kệ sách,"Bush Heritage Pine Collection 5-Shelf Bookcase, Albany Pine Finish, *Special Order"
FUR-FU-10004597,Nội thất,Giường,Eldon Cleatmat Chair Mats for Medium Pile Carpets
TEC-MA-10001148,Hàng điện tử,Machines,Swingline SM12-08 MicroCut Jam Free Shredder
TEC-PH-10004667,Điện tử,Phones,Cisco 8x8 Inc. 6753i IP Business Phone System
OFF-LA-10000443,Hàng điện lạnh,Máy điều hòa,Avery 501
OFF-ST-10000918,Hàng điện lạnh,Máy điều hòa,MÁY LẠNH DAIKIN FTKC35PVMV
FUR-FU-10002508,Nội thất,Giường,Document Clip Frames
TEC-AC-10002647,Hàng điện tử,Accessories,"Logitech Wireless Boombox Speaker - portable - wireless, wired"
OFF-AR-1000595,Hàng điện lạnh,Máy giặt,"Binney & Smith Crayola Metallic Colored Pencils, 8-Color Set"
OFF-AR-10004027,Hàng điện lạnh,Máy giặt,"Binney & Smith inkTank Erasable Desk Highlighter, Chisel Tip, Yellow, 12/Box"
OFF-ST-10002301,Hàng điện lạnh,Máy điều hòa,Tennsco Máy điều hòa
TEC-PH-10000730,Hàng điện tử,Phones,Samsung Galaxy S4 Active
OFF-LA-10004409,Hàng điện lạnh,Máy điều hòa,Avery 492
OFF-PA-10000675,Hàng điện lạnh,Tủ lạnh,Xerox 1919
OFF-AR-10001573,Hàng điện lạnh,Máy giặt,American Pencil
OFF-BI-10001597,Hàng điện lạnh,Máy giặt,"Wilson Jones Ledger-Size, Piano-Hinge Binder, 2"", Blue"
OFF-LA-10004544,Hàng điện lạnh,Máy điều hòa,MÁY LẠNH TOSHIBA RAS-10N3K-V
FUR-FU-10001473,Nội thất,Giường,DAX Wood Document Frame
OFF-BI-10004410,Hàng điện lạnh,Máy giặt,"C-Line Peel & Stick Add-On Filing Pockets, 8-3/4 x 5-1/8, 10/Pack"
OFF-BI-10002735,Hàng điện lạnh,Máy giặt,GBC Prestige Therm-A-Bind Covers
OFF-PA-10002581,Hàng điện lạnh,Tủ lạnh,Xerox 1951
FUR-CH-10001482,Nội thất,Ghế,Ghế thư giãn DSR FABRIC
OFF-ST-10000585,Hàng điện lạnh,Máy điều hòa,MÁY LẠNH TOSHIBA RAS-H18G2KCV-V
TEC-PH-10003484,Hàng điện tử,Phones,Ooma Telo VoIP Home Phone System
OFF-LA-10004484,Hàng điện lạnh,Máy điều hòa,MÁY LẠNH DAIKIN FTKC60NVMV-CDC
OFF-PA-10004948,Hàng điện lạnh,Tủ lạnh,Xerox 190
FUR-FU-10002813,Nội thất,Giường,"DAX Contemporary Wood Frame with Silver Metal Mat, Desktop, 11 x 14 Size"
FUR-CH-10002439,Nội thất,Ghế,"Iceberg Nesting Folding Chair, 19w x 6d x 43h"
OFF-AR-10003338,Hàng điện lạnh,Máy giặt,"Eberhard Faber 3 1/2"" Golf Pencils"
TEC-AC-10002558,Hàng điện tử,Accessories,Imation Swivel Flash Drive USB flash drive - 8 GB
OFF-AR-10000034,Hàng điện lạnh,Máy giặt,"BIC Brite Liner Grip Highlighters, Assorted, 5/Pack"
TEC-AC-10002323,Hàng điện tử,Accessories,SanDisk Ultra 32 GB MicroSDHC Class 10 Memory Card
OFF-AR-10004272,Hàng điện lạnh,Máy giặt,Newell 308
TEC-PH-10004100,Hàng điện tử,Phones,Griffin GC17055 Auxiliary Audio Cable
OFF-LA-10001982,Hàng điện lạnh,Máy điều hòa,MÁY LẠNH GENERAL GH78991LHJI
OFF-EN-10001509,Hàng điện lạnh,Tủ lạnh,Poly String Tie Tủ lạnh
FUR-TA-10003954,Nội thất,Bàn,Hon 94000 Series Round Bàn
TEC-PH-10003273,Hàng điện tử,Phones,AT&T TR1909W
FUR-TA-10000198,Nội thất,Bàn,Bàn ăn xếp 
FUR-TA-10001889,Nội thất,Bàn,Bàn ăn 
OFF-AR-10001915,Hàng điện lạnh,Máy giặt,Peel-Off China Markers
OFF-ST-10002957,Hàng điện lạnh,Máy điều hòa,MÁY LẠNH CHA 55NVMV
OFF-LA-10002312,Hàng điện lạnh,Máy điều hòa,MÁY LẠNH LG V24ENC
OFF-AR-10001231,Hàng điện lạnh,Máy giặt,"Sanford EMáy giặthWrite Recycled Pencils, Medium Soft, #2"
FUR-BO-10001337,Nội thất,Kệ sách,O'Sullivan Living Dimensions 2-Shelf Kệ sách
OFF-EN-10002230,Hàng điện lạnh,Tủ lạnh,Airmail Tủ lạnh
TEC-PH-10001819,Hàng điện tử,Phones,Innergie mMini Combo Duo USB Travel Charging Kit
FUR-CH-10002304,Nội thất,Ghế,"Global Stack Chair without Arms, Black"
OFF-ST-10001511,Hàng điện lạnh,Máy điều hòa,MÁY LẠNH DAIKIN FTN60JXV1V
OFF-BI-10004390,Hàng điện lạnh,Máy giặt,GBC DocuBind 200 Manual Binding Machine
OFF-AP-10002765,Hàng điện lạnh,Máy giặt,Fellowes Advanced Computer Series Surge Protectors
OFF-BI-10003529,Hàng điện lạnh,Máy giặt,Avery Round Ring Poly Máy giặt
OFF-BI-10002071,Hàng điện lạnh,Máy giặt,Fellowes Black Plastic Comb Bindings
TEC-AC-10004901,Hàng điện tử,Accessories,Kensington SlimBlade Notebook Wireless Mouse with Nano Receiver 
OFF-BI-10001097,Hàng điện lạnh,Máy giặt,Avery Hole Reinforcements
FUR-CH-10002965,Nội thất,Ghế,Ghế outdoor Oleby
OFF-BI-10001636,Hàng điện lạnh,Máy giặt,Ibico Plastic and Wire Spiral Binding Combs
OFF-BI-10000042,Hàng điện lạnh,Máy giặt,"Pressboard Data Binder, Crimson, 12"" X 8 1/2"""
OFF-ST-10000636,Hàng điện lạnh,Máy điều hòa,Rogers Profile Extra Capacity Máy điều hòa Tub
OFF-BI-10000145,Hàng điện lạnh,Máy giặt,Zipper Ring Binder Pockets
OFF-PA-10004248,Hàng điện lạnh,Tủ lạnh,Xerox 1990
TEC-PH-10001128,Hàng điện tử,Phones,Motorola Droid Maxx
OFF-AP-10003842,Hàng điện lạnh,Máy giặt,Euro-Pro Shark Turbo Vacuum
OFF-PA-10002986,Hàng điện lạnh,Tủ lạnh,Xerox 1898
OFF-PA-10001593,Hàng điện lạnh,Tủ lạnh,Xerox 1947
FUR-FU-10003192,Nội thất,Giường,Luxo Adjustable Task Clamp Lamp
OFF-EN-10001415,Hàng điện lạnh,Tủ lạnh,MÁY LẠNH SHARP AH-AP12PMW
OFF-LA-10001641,Hàng điện lạnh,Máy điều hòa,MÁY LẠNH LG H12ENB8
FUR-FU-10004020,Nội thất,Giường,Advantus Panel Wall Acrylic Frame
OFF-AR-10001955,Hàng điện lạnh,Máy giặt,Newell 319
OFF-BI-10004140,Hàng điện lạnh,Máy giặt,Avery Non-Stick Máy giặt
OFF-ST-10004180,Hàng điện lạnh,Máy điều hòa,MÁY LẠNH MITSUBISHI ELECTRIC MSY-GH10VA
TEC-AC-10002926,Hàng điện tử,Accessories,Logitech Wireless Marathon Mouse M705
OFF-PA-10003797,Hàng điện lạnh,Tủ lạnh,Xerox 209
OFF-PA-10004071,Hàng điện lạnh,Tủ lạnh,"Eaton Premium Continuous-Feed Tủ lạnh, 25% Cotton, Letter Size, White, 1000 Shts/Box"
OFF-AR-10004757,Hàng điện lạnh,Máy giặt,Crayola Colored Pencils
OFF-AR-10000127,Hàng điện lạnh,Máy giặt,Newell 321
OFF-SU-10002881,Hàng điện lạnh,Tủ lạnh,MMáy giặtin Yale Chadless Opener Electric Letter Opener
OFF-ST-10003455,Hàng điện lạnh,Máy điều hòa,MÁY LẠNH GENERAL ASGA 09BMTA-A
OFF-ST-10001031,Hàng điện lạnh,Máy điều hòa,MÁY LẠNH CH V15APC
OFF-AR-10002952,Hàng điện lạnh,Máy giặt,Stanley Contemporary Battery Pencil Sharpeners
OFF-BI-10004209,Hàng điện lạnh,Máy giặt,"Fellowes Twister Kit, Gray/Clear, 3/pkg"
OFF-BI-10002852,Hàng điện lạnh,Máy giặt,Ibico Standard Transparent Covers
OFF-BI-10003719,Hàng điện lạnh,Máy giặt,Large Capacity Hanging Post Máy giặt
OFF-SU-10004498,Hàng điện lạnh,Tủ lạnh,MMáy giặtin-Yale Premier Letter Opener
FUR-TA-10001039,Nội thất,Bàn,Bàn KI gỗ slim
TEC-AC-10004659,Hàng điện tử,Accessories,Imation Secure+ Hardware Encrypted USB 2.0 Flash Drive; 16GB
FUR-TA-10000688,Nội thất,Bàn,Bàn dài office suôn gỗ ép
TEC-AC-10003441,Hàng điện tử,Accessories,Kingston Digital DataTraveler 32GB USB 2.0
FUR-FU-10000747,Nội thất,Giường,Tenex B1-RE Series Chair Mats for Low Pile Carpets
FUR-FU-10001918,Nội thất,Giường,C-Line Cubicle Keepers Polyproplyene Holder With Velcro Backings
OFF-PA-10003309,Hàng điện lạnh,Tủ lạnh,Xerox 211
OFF-PA-10001977,Hàng điện lạnh,Tủ lạnh,Xerox 194
OFF-AR-10001725,Hàng điện lạnh,Máy giặt,Boston Home & Office Model 2000 Electric Pencil Sharpeners
OFF-BI-10002794,Hàng điện lạnh,Máy giặt,"Avery Trapezoid Ring Binder, 3"" Capacity, Black, 1040 sheets"
TEC-AC-10004171,Hàng điện tử,Accessories,Razer Kraken 7.1 Surround Sound Over Ear USB Gaming Headset
FUR-FU-10004415,Nội thất,Giường,"Stacking Tray, Side-Loading, Legal, Smoke"
OFF-PA-10000100,Hàng điện lạnh,Tủ lạnh,Xerox 1945
OFF-PA-10003441,Hàng điện lạnh,Tủ lạnh,Xerox 226
TEC-PH-10004922,Hàng điện tử,Phones,RCA Visys Integrated PBX 8-Line Router
OFF-FA-10000611,Hàng điện lạnh,Máy điều hòa,MÁY LẠNH CH V19APC
OFF-PA-10004733,Hàng điện lạnh,Tủ lạnh,Things To Do Today Spiral Book
FUR-TA-10001086,Nội thất,Bàn,"SAFCO PlanMaster Boards, 60w x 37-1/2d, White Melamine"
FUR-TA-10003748,Nội thất,Bàn,Bevis 36 x 72
TEC-AC-10001908,Hàng điện tử,Accessories,Logitech Wireless Headset h800
FUR-TA-10004442,Nội thất,Bàn,Riverside Nội thất Stanwyck Manor Table Series
OFF-FA-10001332,Hàng điện lạnh,Máy điều hòa,MÁY LẠNH CH V18APC
TEC-AC-10002001,Điện tử,Accessories,Logitech Wireless Gaming Headset G930
OFF-PA-10000029,Hàng điện lạnh,Tủ lạnh,Xerox 224
TEC-AC-10001874,Hàng điện tử,Accessories,Logitech Wireless Anywhere Mouse MX for PC and Mac
OFF-BI-10004817,Hàng điện lạnh,Máy giặt,GBC Personal VeloBind Strips
TEC-PH-10001835,Hàng điện tử,Phones,Jawbone JAMBOX Wireless Bluetooth Speaker
OFF-ST-10000876,Hàng điện lạnh,Máy điều hòa,MÁY LẠNH LG V13ENC
TEC-PH-10000586,Hàng điện tử,Phones,AT&T SB67148 SynJ
TEC-AC-10003399,Hàng điện tử,Accessories,Memorex Mini Travel Drive 64 GB USB 2.0 Flash Drive
TEC-PH-10001557,Hàng điện tử,Phones,Pyle PMP37LED
TEC-PH-10000576,Hàng điện tử,Phones,AT&T 1080 Corded phone
OFF-BI-10002764,Hàng điện lạnh,Máy giặt,Recycled Pressboard Report Cover with Reinforced Top Hinge
OFF-PA-10000289,Hàng điện lạnh,Tủ lạnh,Xerox 213
OFF-AR-10002987,Hàng điện lạnh,Máy giặt,Prismacolor Color Pencil Set
OFF-AR-10000122,Hàng điện lạnh,Máy giặt,Newell 314
OFF-BI-10003656,Hàng điện lạnh,Máy giặt,Fellowes PB200 Plastic Comb Binding Machine
OFF-FA-10002780,Hàng điện lạnh,Máy điều hòa,MÁY LẠNH SHARP AH-AP12PMW
TEC-PH-10000702,Hàng điện tử,Phones,"Square Credit Card Reader, 4 1/2"" x 4 1/2"" x 1"", White"
OFF-LA-10002368,Hàng điện lạnh,Máy điều hòa,Avery 479
OFF-AP-10000240,Hàng điện lạnh,Máy giặt,Belkin F9G930V10-GRY 9 Outlet Surge
FUR-FU-10004091,Nội thất,Giường,"Howard Miller 13"" Diameter Goldtone Round Wall Clock"
TEC-MA-10002859,Hàng điện tử,Machines,Ativa MDM8000 8-Sheet Micro-Cut Shredder
OFF-AR-10002375,Hàng điện lạnh,Máy giặt,Newell 351
OFF-AR-10000657,Hàng điện lạnh,Máy giặt,"Binney & Smith inkTank Desk Highlighter, Chisel Tip, Yellow, 12/Box"
OFF-FA-10000134,Hàng điện lạnh,Máy điều hòa,"MÁY LẠNH ELECTROLUX ESM12CRF-D4, Aluminum Head"
OFF-AR-10001868,Hàng điện lạnh,Máy giặt,Prang Dustless Chalk Sticks
FUR-CH-10002602,Nội thất,Ghế,Sofa outdoor Bogor băng 2
OFF-EN-10000056,Hàng điện lạnh,Tủ lạnh,Cameo Buff Policy Tủ lạnh
TEC-AC-10000474,Hàng điện tử,Accessories,Kensington Expert Mouse Optical USB Trackball for PC or Mac
FUR-FU-10004017,Nội thất,Giường,"Executive Impressions 13"" Chairman Wall Clock"
OFF-BI-10003638,Hàng điện lạnh,Máy giặt,GBC Durable Plastic Covers
OFF-PA-10001569,Hàng điện lạnh,Tủ lạnh,Xerox 232
FUR-TA-10001705,Nội thất,Bàn,Bàn tròn
OFF-ST-10004634,Hàng điện lạnh,Máy điều hòa,MÁY LẠNH DAIKIN FTKC60NVMV-AAA
FUR-FU-10000409,Nội thất,Giường,"GE 4 Foot Flourescent Tube, 40 Watt"
OFF-BI-10002976,Hàng điện lạnh,Máy giặt,ACCOHIDE Binder by Acco
OFF-ST-10002574,Hàng điện lạnh,Máy điều hòa,MÁY LẠNH GENERAL ASHG 012LHJI
OFF-EN-10004773,Hàng điện lạnh,Tủ lạnh,MÁY LẠNH SHARP AH-AP12PMW
OFF-BI-10004970,Hàng điện lạnh,Máy giặt,"ACCOHIDE 3-Ring Binder, Blue, 1"""
OFF-BI-10004876,Hàng điện lạnh,Máy giặt,Wilson Jones Suede Grain Vinyl Máy giặt
FUR-FU-10002191,Nội thất,Giường,G.E. Halogen Desk Lamp Bulbs
OFF-PA-10003543,Hàng điện lạnh,Tủ lạnh,Xerox 1985
OFF-AR-10002221,Hàng điện lạnh,Máy giặt,12 Colored Short Pencils
TEC-PH-10004531,Hàng điện tử,Phones,AT&T CL2909
FUR-FU-10003708,Nội thất,Giường,"Tenex Traditional Chairmats for Medium Pile Carpet, Standard Lip, 36"" x 48"""
OFF-AP-10001391,Hàng điện lạnh,Máy giặt,Kensington 6 Outlet MasterPiece HOMEOFFICE Power Control Center
FUR-CH-10003973,Nội thất,Ghế,GuestStacker Chair with Chrome Finish Legs
FUR-CH-10004886,Nội thất,Ghế,Ghế bar 3BC-BIPOLY 1
OFF-BI-10001525,Hàng điện lạnh,Máy giặt,"Acco Pressboard Covers with Máy điều hòa Hooks, 14 7/8"" x 11"", Executive Red"
OFF-AR-10003504,Hàng điện lạnh,Máy giặt,Newell 347
OFF-BI-10001628,Hàng điện lạnh,Máy giặt,"Acco Data Flex Cable Posts For Top & Bottom Load Máy giặt, 6"" Capacity"
OFF-ST-10000877,Hàng điện lạnh,Máy điều hòa,MÁY LẠNH LG G23PC
OFF-AR-10004752,Hàng điện lạnh,Máy giặt,Blackstonian Pencils
OFF-LA-10000452,Hàng điện lạnh,Máy điều hòa,MÁY LẠNH LG H78UI
OFF-LA-10001613,Hàng điện lạnh,Máy điều hòa,MÁY LẠNH GENERAL ASHG 020LHJI
OFF-ST-10002214,Hàng điện lạnh,Máy điều hòa,MÁY LẠNH GENERAL ASHG 018LHJI
OFF-ST-10001128,Hàng điện lạnh,Máy điều hòa,MÁY LẠNH DAIKIN 54NVMV
TEC-PH-10001459,Hàng điện tử,Phones,Samsung Galaxy Mega 6.3
FUR-FU-10001424,Nội thất,Giường,Dax Clear Box Frame
FUR-CH-10001394,Nội thất,Ghế,Ghế COPINE
OFF-ST-10000798,Hàng điện lạnh,Máy điều hòa,MÁY LẠNH SHARP AH-A18MEW
TEC-PH-10000376,Hàng điện tử,Phones,Square Credit Card Reader
TEC-AC-10002550,Hàng điện tử,Accessories,Maxell 4.7GB DVD-RW 3/Pack
OFF-AR-10004010,Hàng điện lạnh,Máy giặt,Hunt Boston Vacuum Mount KS Pencil Sharpener
TEC-CO-10004202,Hàng điện tử,Copiers,Brother DCP1000 Digital 3 in 1 Multifunction Machine
OFF-LA-10002195,Hàng điện lạnh,Máy điều hòa,MÁY LẠNH GENERAL ASHG 010LHJI1
OFF-BI-10004828,Hàng điện lạnh,Máy giặt,GBC Poly Designer Binding Covers
OFF-BI-10003981,Hàng điện lạnh,Máy giặt,"Avery Durable Plastic 1"" Máy giặt"
OFF-BI-10001294,Hàng điện lạnh,Máy giặt,Fellowes Binding Cases
OFF-FA-10000840,Hàng điện lạnh,Máy điều hòa,MÁY LẠNH GENERAL GHHG 021LHJI
FUR-FU-10001852,Nội thất,Giường,"Eldon Regeneration Recycled Desk Accessories, Smoke"
OFF-AP-10000696,Hàng điện lạnh,Máy giặt,Holmes Odor Grabber
OFF-PA-10003016,Hàng điện lạnh,Tủ lạnh,"Adams ""While You Were Out"" Message Pads"
OFF-AR-10003651,Hàng điện lạnh,Máy giặt,Newell 350
OFF-PA-10001363,Hàng điện lạnh,Tủ lạnh,Xerox 1933
OFF-ST-10003442,Hàng điện lạnh,Máy điều hòa,MÁY LẠNH SAMSUNG AR12HCFSSURNSV
OFF-PA-10000474,Hàng điện lạnh,Tủ lạnh,MÁY LẠNH SHARP AH-AP12PMW
OFF-BI-10003684,Hàng điện lạnh,Máy giặt,Wilson Jones Legal Size Ring Máy giặt
OFF-LA-10004425,Hàng điện lạnh,Máy điều hòa,MÁY LẠNH SHARP AH-AP12PMW
OFF-AR-10001897,Hàng điện lạnh,Máy giặt,Model L Table or Wall-Mount Pencil Sharpener
OFF-BI-10001078,Hàng điện lạnh,Máy giặt,"Acco PRESSTEX Data Binder with Máy điều hòa Hooks, Dark Blue, 14 7/8"" X 11"""
OFF-AR-10002578,Hàng điện lạnh,Máy giặt,Newell 335
FUR-CH-10004445,Nội thất,Ghế,Ghế PUNK
TEC-CO-10001449,Hàng điện tử,Copiers,Hewlett Packard LaserJet 3310 Copier
TEC-AC-10000109,Hàng điện tử,Accessories,Sony Micro Vault Click 16 GB USB 2.0 Flash Drive
OFF-ST-10000107,Hàng điện lạnh,Máy điều hòa,MÁY LẠNH LG S09ENA
OFF-LA-10003121,Hàng điện lạnh,Máy điều hòa,MÁY LẠNH GENERAL ASHG 017LHJI
OFF-PA-10002689,Hàng điện lạnh,Tủ lạnh,Weyerhaeuser First Choice Laser/Copy Tủ lạnh (20Lb. and 88 Bright)
OFF-EN-10001434,Hàng điện lạnh,Tủ lạnh,"Strathmore #10 Tủ lạnh, Ultimate White"
TEC-PH-10003988,Hàng điện tử,Phones,"LF Elite 3D Dazzle Designer Hard Case Cover, Lf Stylus Pen and Wiper For Apple Iphone 5c Mini Lite"
FUR-BO-10004444,Nội thất,Kệ sách,Bestar Classic Bookcase
OFF-AR-10000716,Hàng điện lạnh,Máy giặt,DIXON Ticonderoga Erasable Checking Pencils
OFF-PA-10004353,Hàng điện lạnh,Tủ lạnh,Miền Đông Nam Bộworth 25% Cotton Premium Laser Tủ lạnh and Tủ lạnh
TEC-PH-10001817,Hàng điện tử,Phones,Wilson Electronics DB Pro Signal Booster
OFF-SU-10004737,Hàng điện lạnh,Tủ lạnh,Acme Design Stainless Steel Bent Scissors
FUR-CH-10002320,Nội thất,Ghế,Hon Pagoda Stacking Ghế
TEC-AC-10001465,Hàng điện tử,Accessories,SanDisk Cruzer 64 GB USB Flash Drive
TEC-PH-10002597,Hàng điện tử,Phones,Xblue XB-1670-86 X16 Small Office Telephone - Titanium
FUR-FU-10000723,Nội thất,Giường,"Deflect-o EconoMat Studded, No Bevel Mat for Low Pile Carpeting"
TEC-AC-10001013,Hàng điện tử,Accessories,Logitech ClearChat Comfort/USB Headset H390
OFF-AP-10004249,Hàng điện lạnh,Máy giặt,MÁY LẠNH SHARP AH-AP12PMW
FUR-CH-10000015,Nội thất,Ghế,Ghế đa năng 3FC1001-M
OFF-PA-10003036,Hàng điện lạnh,Tủ lạnh,"Black Print Carbonless 8 1/2"" x 8 1/4"" Rapid Memo Book"
OFF-BI-10002026,Hàng điện lạnh,Máy giặt,Avery Arch Ring Máy giặt
FUR-TA-10002228,Nội thất,Bàn,Bàn học gỗ slim
OFF-FA-10002815,Hàng điện lạnh,Máy điều hòa,MÁY LẠNH SHARP AH-AP12PMW
OFF-BI-10004519,Hàng điện lạnh,Máy giặt,GBC DocuBind P100 Manual Binding Machine
TEC-AC-10002800,Hàng điện tử,Accessories,Plantronics Audio 478 Stereo USB Headset
FUR-FU-10004306,Nội thất,Giường,Electrix Halogen Magnifier Lamp
TEC-AC-10002217,Hàng điện tử,Accessories,Imation Clip USB flash drive - 8 GB
TEC-PH-10002885,Hàng điện tử,Phones,Apple iPhone 5
FUR-FU-10000308,Nội thất,Giường,Deflect-o Glass Clear Studded Chair Mats
OFF-PA-10001526,Hàng điện lạnh,Tủ lạnh,Xerox 1949
OFF-BI-10001249,Hàng điện lạnh,Máy giặt,Avery Heavy-Duty EZD View Binder with Locking Rings
OFF-AP-10000124,Hàng điện lạnh,Máy giặt,Acco 6 Outlet Guardian Basic Surge Suppressor
OFF-AR-10004511,Hàng điện lạnh,Máy giặt,"Sanford Colorific Scented Colored Pencils, 12/Pack"
FUR-FU-10000076,Nội thất,Giường,24-Hour Round Wall Clock
FUR-FU-10003489,Nội thất,Giường,Contemporary Borderless Frame
TEC-AC-10004227,Hàng điện tử,Accessories,SanDisk Ultra 16 GB MicroSDHC Class 10 Memory Card
OFF-BI-10003925,Hàng điện lạnh,Máy giặt,Fellowes PB300 Plastic Comb Binding Machine
TEC-PH-10001530,Hàng điện tử,Phones,Plantronics Voyager Pro Legend
OFF-PA-10003022,Hàng điện lạnh,Tủ lạnh,Xerox 1992
OFF-EN-10003134,Hàng điện lạnh,Tủ lạnh,MÁY LẠNH SHARP AH-AP12PMW
FUR-CH-10003396,Nội thất,Ghế,Ghế đa năng 3FC1006-P
OFF-PA-10001560,Hàng điện lạnh,Tủ lạnh,"Adams Telephone Message Books, 5 1/4” x 11”"
OFF-BI-10000977,Hàng điện lạnh,Máy giặt,Ibico Plastic Spiral Binding Combs